{"frames": [

{
	"filename": "0.png",
	"frame": {"x":0,"y":0,"w":227,"h":69},
	"rotated": false,
	"trimmed": false,
	"spriteSourceSize": {"x":0,"y":0,"w":227,"h":69},
	"sourceSize": {"w":227,"h":69},
	"pivot": {"x":0.5,"y":0.5}
},
{
	"filename": "1.png",
	"frame": {"x":0,"y":69,"w":227,"h":69},
	"rotated": false,
	"trimmed": false,
	"spriteSourceSize": {"x":0,"y":0,"w":227,"h":69},
	"sourceSize": {"w":227,"h":69},
	"pivot": {"x":0.5,"y":0.5}
},
{
	"filename": "2.png",
	"frame": {"x":0,"y":138,"w":227,"h":69},
	"rotated": false,
	"trimmed": false,
	"spriteSourceSize": {"x":0,"y":0,"w":227,"h":69},
	"sourceSize": {"w":227,"h":69},
	"pivot": {"x":0.5,"y":0.5}
}],
"meta": {
	"app": "http://www.codeandweb.com/texturepacker",
	"version": "1.0",
	"image": "button.png",
	"format": "RGBA8888",
	"size": {"w":227,"h":207},
	"scale": "1",
	"smartupdate": "$TexturePacker:SmartUpdate:c0fd21b43ad3f7cec079e46b6d17aeec:93c0831b98237f24709cedc3018f80a4:c39245c3a59c1712d97d26c862b4cbc5$"
}
}
